{"type": "block", "layer": 0, "block": 54, "features": [{"geom": {"polygons": [[[[5646.397305775434, 2753.7907584011555], [5643.358283674344, 2754.6124584274366], [5648.556903896853, 2773.832247538492], [5652.0857317540795, 2772.8702548630536], [5653.054211324081, 2776.4376449733973], [5671.13249662891, 2771.5475151324645], [5670.70948256366, 2769.964236055501], [5675.039810754359, 2768.80182884261], [5673.203039158136, 2762.0077626146376], [5676.631679473445, 2761.0658129034564], [5673.470205936581, 2749.3816378200427], [5670.865329852328, 2750.083088652231], [5668.794787323102, 2742.4472987586632], [5645.061471883208, 2748.860560098663], [5646.397305775434, 2753.7907584011555]]]], "centroids": [[5659.9387739263475, 2759.489112932235, 494.9842987060547]], "h": 90.0}, "mtl": {"idx": 0, "edge": 72}}, {"geom": {"polygons": [[[[5657.673970190808, 4806.591832308099], [5694.531853593886, 4798.292450093664], [5687.3517464362085, 4766.357954477891], [5663.80767413415, 4771.670337811112], [5665.377278955653, 4778.666652042419], [5622.986816860735, 4788.188866480254], [5649.302744485438, 4905.222859242], [5692.338859627023, 4895.560170069337], [5693.095832163468, 4898.9481240147725], [5717.040654631332, 4893.55546429567], [5709.726964086294, 4861.019162877463], [5672.6019139084965, 4869.358706957661], [5667.948759192601, 4848.690286204219], [5676.342248797417, 4846.8058742797], [5671.410795355216, 4824.854514166713], [5662.23806931451, 4826.919342624024], [5657.673970190808, 4806.591832308099]]]], "centroids": [[5664.498854449019, 4840.467737277038, 495.4266815185547]], "h": 90.0}, "mtl": {"idx": 0, "edge": 105}}, {"geom": {"polygons": [[[[1916.1368290372193, -3682.2894706791267], [1915.3019328564405, -3669.49370468501], [1914.4893005732447, -3656.9181893011555], [1930.4413836039603, -3655.8769036633894], [1930.0517653860152, -3649.809409543872], [1954.2526226863265, -3648.247479586862], [1954.6533728539944, -3654.475172773935], [1966.3753152303398, -3653.714233041741], [1966.7760653998703, -3659.8217735048383], [1981.1808075085282, -3658.8806118490174], [1982.3496621605009, -3676.9629102731124], [1953.618101587519, -3678.805179704912], [1953.339802859351, -3674.620023514144], [1933.591725192964, -3675.8815780114383], [1934.1149268019944, -3684.0115909222513], [1916.3149402234703, -3685.1730206320062], [1916.1368290372193, -3682.2894706791267]]]], "centroids": [[1945.7424036972225, -3666.3520040418953, 447.56639099121094]], "h": 90.0}, "mtl": {"idx": 0, "edge": 40}}, {"geom": {"polygons": [[[[5164.66220936738, 4739.555533172563], [5182.328612554818, 4735.68653020449], [5177.386027164757, 4713.073950859718], [5159.708492025733, 4716.942942420952], [5164.66220936738, 4739.555533172563]]]], "centroids": [[5171.020935287699, 4726.313639989123, 471.7642364501953]], "h": 90.0}, "mtl": {"idx": 0, "edge": 80}}, {"geom": {"polygons": [[[[5996.485972370952, 3777.09595081117], [6014.475202081725, 3782.5279138693586], [6020.842676956207, 3761.4414957733825], [6002.864579193294, 3756.0095476517454], [5996.485972370952, 3777.09595081117]]]], "centroids": [[6008.66658828035, 3769.2696583056822, 546.8171997070312]], "h": 90.0}, "mtl": {"idx": 0, "edge": 57}}, {"geom": {"polygons": [[[[6625.274116115645, 3188.241854741238], [6644.532388024032, 3183.0508235683665], [6638.4654757753015, 3160.5029490161687], [6619.207203868777, 3165.6939649274573], [6625.274116115645, 3188.241854741238]]]], "centroids": [[6631.869795033708, 3174.3723987108096, 611.9682312011719]], "h": 90.0}, "mtl": {"idx": 0, "edge": 64}}, {"geom": {"polygons": [[[[5282.71652935259, 5756.0683690570295], [5293.648103348911, 5751.978310933337], [5286.968933900818, 5734.154504677281], [5276.037359904498, 5738.244553294964], [5282.71652935259, 5756.0683690570295]]]], "centroids": [[5284.842731360346, 5745.111435074359, 459.09947204589844]], "h": 90.0}, "mtl": {"idx": 0, "edge": 119}}, {"geom": {"polygons": [[[[5003.649697883055, 1958.5466518802568], [5020.280829807743, 1954.0177521612495], [5008.30285259895, 1910.0915715051815], [4991.682852622122, 1914.640484560281], [5003.649697883055, 1958.5466518802568]]]], "centroids": [[5005.980052124709, 1934.325093089603, 447.5661163330078]], "h": 90.0}, "mtl": {"idx": 0, "edge": 122}}, {"geom": {"polygons": [[[[5703.21477387473, 2952.243891879916], [5754.510795233771, 2940.078418755904], [5749.57934179157, 2919.2749031623825], [5698.2833204343915, 2931.4603852182627], [5703.21477387473, 2952.243891879916]]]], "centroids": [[5726.400916010141, 2935.763323689811, 501.0120849609375]], "h": 90.0}, "mtl": {"idx": 0, "edge": 45}}, {"geom": {"polygons": [[[[6402.078537074849, 3052.0135246887803], [6428.427860546857, 3046.361614469439], [6422.761698463932, 3019.905919879675], [6396.401243045926, 3025.5578106027097], [6402.078537074849, 3052.0135246887803]]]], "centroids": [[6412.416952971369, 3035.9588684290648, 558.5553131103516]], "h": 90.0}, "mtl": {"idx": 0, "edge": 61}}, {"geom": {"polygons": [[[[5122.7726849820465, 5335.465431569144], [5130.78768831864, 5347.895332021639], [5154.966281719506, 5332.3178631989285], [5146.95127838105, 5319.887987992726], [5122.7726849820465, 5335.465431569144]]]], "centroids": [[5138.869480777532, 5333.891656049527, 469.26708984375]], "h": 90.0}, "mtl": {"idx": 0, "edge": 79}}, {"geom": {"polygons": [[[[5932.399341519922, 3771.6239033592865], [5921.879649640992, 3801.4496159581468], [5936.9634406436235, 3806.761330973357], [5947.494264472276, 3776.955641853623], [5932.399341519922, 3771.6239033592865]]]], "centroids": [[5934.684511153027, 3789.1947449995205, 534.0261383056641]], "h": 90.0}, "mtl": {"idx": 0, "edge": 104}}, {"geom": {"polygons": [[[[5143.043964255601, 5382.69916047249], [5151.125759286806, 5393.966332328506], [5182.740494670346, 5371.271618737839], [5174.658699641004, 5360.004480226897], [5143.043964255601, 5382.69916047249]]]], "centroids": [[5162.892224652693, 5376.985402104445, 466.55653381347656]], "h": 90.0}, "mtl": {"idx": 0, "edge": 97}}, {"geom": {"polygons": [[[[4800.591814728454, 4857.831695301458], [4787.333663374186, 4866.672410518862], [4918.211988700554, 5147.756335829385], [4932.572203012183, 5141.681879198179], [4800.591814728454, 4857.831695301458]]]], "centroids": [[4859.571065763012, 5003.227578058839, 458.42047119140625]], "h": 90.0}, "mtl": {"idx": 0, "edge": 56}}, {"geom": {"polygons": [[[[5994.682596620172, 6395.166751138866], [6019.061565103009, 6372.328717983328], [5964.392563173547, 6313.940657989122], [5940.01359469071, 6336.778517256491], [5994.682596620172, 6395.166751138866]]]], "centroids": [[5979.5375928822905, 6354.553681423888, 491.9861755371094]], "h": 90.0}, "mtl": {"idx": 0, "edge": 1}}, {"geom": {"polygons": [[[[5347.1816464699805, 3179.5032869111747], [5394.80412463285, 3165.5937522333115], [5388.536837300286, 3144.1482654819265], [5340.9143591392785, 3158.057761270553], [5347.1816464699805, 3179.5032869111747]]]], "centroids": [[5367.859235370532, 3161.8257688013837, 486.8354187011719]], "h": 90.0}, "mtl": {"idx": 0, "edge": 45}}, {"geom": {"polygons": [[[[5610.986575754359, 6071.0695458147675], [5633.929522806779, 6063.049496633001], [5622.018337292597, 6028.984431218356], [5599.075390238315, 6036.984394728206], [5610.986575754359, 6071.0695458147675]]]], "centroids": [[5616.50172283873, 6050.023092230782, 471.5771942138672]], "h": 90.0}, "mtl": {"idx": 0, "edge": 51}}, {"geom": {"polygons": [[[[5244.110929945484, 4703.15089852456], [5265.940682090819, 4697.738329938613], [5247.394854925573, 4622.884902716614], [5225.576234729961, 4628.297418477945], [5244.110929945484, 4703.15089852456]]]], "centroids": [[5245.756480747834, 4663.020873161964, 475.8007507324219]], "h": 90.0}, "mtl": {"idx": 0, "edge": 47}}, {"geom": {"polygons": [[[[6048.995376177132, 3325.7954395171255], [6066.594987671822, 3321.4862048365176], [6059.91581822373, 3294.2278462080285], [6042.316206730902, 3298.537065573968], [6048.995376177132, 3325.7954395171255]]]],