{"type": "block", "layer": 1, "block": 47, "features": [{"geom": {"lines": [[6246.2869097124785, 3196.298983442597, 530.8143310546875, 6153.090232018381, 3207.0418348796666, 526.6528015136719, 6147.323882395402, 3261.5981148844585, 535.1284790039062]]}, "mtl": {"idx": 0}}, {"geom": {"lines": [[5963.925021313131, 3157.636868374422, 510.4922790527344, 6137.961913218722, 3130.298922260292, 527.51220703125, 6153.090232018381, 3207.0418348796666, 526.6528015136719]]}, "mtl": {"idx": 0}}, {"geom": {"lines": [[6285.092884201556, 1994.0364851774648, 501.0816650390625, 6321.928503705189, 2056.519831828773, 504.6418762207031, 6342.722984585911, 2143.853085188195, 511.3032989501953, 6342.722984585911, 2212.4899447290227, 516.9773712158203, 6340.641310106963, 2314.37422872521, 524.6576843261719, 6336.477961150929, 2389.225169878453, 529.9765319824219, 6375.985248433426, 2476.5622114529833, 532.6446075439453, 6388.464163351804, 2547.2662630975246, 532.8726196289062, 6368.359863314778, 2613.942704828456, 531.1972045898438, 6362.493326149881, 2634.5850630775094, 531.3010711669922, 6393.4401445910335, 2699.398420808837, 539.9136199951172, 6479.957652835175, 2746.896498244256, 553.8914337158203, 6521.55774654448, 2823.835991255939, 561.0, 6511.149374155328, 2884.141541070305, 559.0643005371094, 6517.394397588447, 2925.7283961819485, 560.9626007080078, 6554.820010391995, 2950.6806174833328, 569.5824737548828, 6583.930057236925, 2956.9136749934405, 572.6738433837891, 6619.285127511248, 2967.3154767779633, 579.5763702392578, 6658.803546743467, 2963.1667795758694, 584.5232849121094, 6696.229159547016, 2946.5319292787462, 593.1610107421875, 6735.736446829513, 2907.0092730131, 594.1318817138672, 6750.285904277116, 2867.5068621598184, 596.2572326660156, 6756.530927710235, 2832.1532788434997, 595.9622955322266, 6752.3675787542015, 2784.334008754231, 589.2411804199219, 6698.299702076241, 2715.7120733140036, 580.0514831542969, 6652.558523310348, 2684.507733883336, 568.3445892333984, 6608.887887071818, 2686.5920274881646, 566.1889801025391, 6567.298925312236, 2694.9091662550345, 556.8752746582031, 6523.628289073706, 2717.7763340268284, 552.9697723388672, 6479.957652835175, 2746.896498244256, 553.8914337158203, 6483.230445865542, 2714.689963844605, 550.4744110107422, 6442.365060793236, 2673.064170443453, 545.1627960205078, 6452.996072165668, 2622.4401348959655, 540.7739868164062, 6463.259729215875, 2574.542008249089, 540.1843414306641, 6471.642086872831, 2538.949284424074, 540.3855743408203, 6507.820921380073, 2414.7367820534855, 537.5218505859375, 6500.084216769785, 2383.8743554651737, 535.7663269042969, 6467.345154529437, 2362.2106094220653, 536.1001281738281, 6417.618737990037, 2353.4329018015414, 537.8658142089844, 6369.75135695003, 2312.290036267601, 526.1194152832031, 6371.833031427115, 2175.0552251962945, 518.9405822753906, 6367.669682471082, 2073.1527520269156, 507.00682067871094, 6373.914705904201, 2000.3689628150314, 497.3551025390625, 6371.833031427115, 1954.6389727611095, 492.1515197753906, 6330.244069667533, 1935.922219350934, 489.3694152832031, 6313.6018057931215, 1962.9553178930655, 490.4809112548828, 6286.729280713946, 1970.8308048471808, 497.6596984863281]]}, "mtl": {"idx": 0}}, {"geom": {"lines": [[6629.459728969261, -36.19492057245225, 527.2995758056641, 6629.971798628569, 61.271959356963634, 537.3533935546875, 6591.154692187905, 61.872992262244225, 533.7477722167969, 6591.744685489684, -22.33125903364271, 531.5601654052734, 6629.526520663872, -22.91225113067776, 528.7380981445312]]}, "mtl": {"idx": 0}}, {"geom": {"lines": [[6255.192468972877, 860.5270527461544, 534.4060363769531, 6323.342261238024, 1033.34395764675, 536.4875793457031, 6372.22264964506, 1069.5508448127657, 523.9652252197266, 6399.8187514115125, 1072.4962936202064, 513.4851837158203, 6435.8973983787, 1071.1938841463998, 516.5041809082031, 6477.219193359837, 1064.120802695863, 532.2633361816406, 6611.18106858246, 1044.204002152197, 590.0595245361328, 6667.2972238902, 1007.9972346220165, 572.9133453369141, 6683.594397343695, 957.3040398312733, 560.5912170410156, 6689.928476369008, 858.6436203895137, 546.2877044677734]]}, "mtl": {"idx": 0}}, {"geom": {"lines": [[6353.999649003148, 75.89710677135736, 505.7119445800781, 6373.068677773699, 106.04903977829963, 510.86407470703125, 6379.636527732015, 173.5256886612624, 512.4783782958984]]}, "mtl": {"idx": 0}}, {"geom": {"lines": [[6417.930432563648, 2936.571078355424, 551.0530242919922, 6387.350968442857, 2978.49893258512, 554.6977844238281, 6370.597385080531, 3003.9924626909196, 551.5290069580078, 6371.33209371753, 3081.916608352214, 549.0045776367188, 6443.422595957294, 3394.3426609328017, 588.5151672363281, 6456.847726548091, 3497.1045115161687, 598.1119079589844, 6480.670097576454, 3568.1386688565835, 610.5345611572266]]}, "mtl": {"idx": 0}}, {"geom": {"lines": [[6830.21329866536, 1352.7799572870135, 483.5024871826172, 6850.317598704249, 1360.4143639197573, 492.4115295410156, 6867.037786221132, 1376.544828117825, 511.23284912109375, 6883.167980438098, 1385.5017589097843, 528.6835327148438, 6916.0072302203625, 1427.9020475056022, 602.2088012695312, 6945.273124350235, 1442.2292301338166, 633.1676788330078, 6975.129011781886, 1446.3971428330988, 647.5148620605469]]}, "mtl": {"idx": 0}}, {"geom": {"lines": [[4687.836302502081, 35.06697044055909, 441.6497497558594, 4691.365130363032, 49.53179270494729, 441.73809814453125, 4699.60277267918, 83.32989785633981, 441.45057678222656, 4736.382732437924, 73.33269534539431, 450.66705322265625, 4852.967635145411, 41.67831241246313, 443.13157653808594, 4872.237039001659, 36.4493414722383, 449.4641418457031, 5015.026549842209, -1.876302250660956, 451.03468322753906, 5054.099691109732, 140.90922964271158, 457.88877868652344, 5069.673287874088, 196.60572379175574, 448.2983093261719, 5100.252751993015, 309.6227663876489, 450.0495300292969, 5143.23320738785, 468.64282882306725, 457.7161560058594, 5146.294493384659, 479.94285538978875, 459.7704620361328, 5149.867849038914, 493.32659632898867, 461.4317321777344, 5158.90699169226, 527.2268350506201, 458.83538818359375, 5181.159757902846, 610.7358635840937, 460.28993225097656, 5187.683080064133, 635.1996931042522, 460.9395446777344, 5193.20452680625, 655.896835019812, 461.51087951660156, 5202.2325375098735, 653.6327693406492, 460.95135498046875, 5204.091573005542, 653.1719418941066, 460.64332580566406, 5231.275792658329, 646.3597133178264, 455.9237823486328, 5248.1518274620175, 642.1321274479851, 448.6461639404297]]}, "mtl": {"idx": 0}}, {"geom": {"lines": [[4872.237039001659, 36.4493414722383, 449.4641418457031, 4947.1439243573695, 85.17307088337839, 443.8861541748047, 4996.146764203906, 105.54817613679916, 459.6592712402344, 5018.833676427603, 124.36063700262457, 465.8771667480469, 5027.794895436615, 137.80386147461832, 461.8659210205078, 5042.990005930886, 143.99456442147493, 459.37921142578125]]}, "mtl": {"idx": 0}}, {"geom": {"lines": [[4851.386898376048, 148.2819797480479, 441.4331359863281, 4736.382732437924, 73.33269534539431, 450.66705322265625]]}, "mtl": {"idx": 0}}, {"geom": {"lines": [[4893.999999452382, 183.04218778852373, 449.2090301513672, 4979.77166710794, 159.62160379253328, 451.0844421386719, 5003.4270589035, 149.3037473037839, 458.4473876953125, 5009.237936321646, 148.52239563222975, 459.7855224609375, 5042.990005930886, 143.99456442147493, 459.37921142578125, 5054.099691109732, 140.90922964271158, 457.88877868652344, 5069.383857196197, 136.9624070925638, 455.7741394042969, 5093.54018669948, 129.9502908149734, 446.0475311279297, 5110.093394979835, 125.14198621734977, 439.7212829589844]]}, "mtl": {"idx": 0}}, {"geom": {"lines": [[5194.673944083974, 169.91943944618106, 435.6837158203125, 5198.013528808951, 183.28260476142168, 434.27801513671875, 5200.918967517093, 194.90276743937284, 433.4443817138672]]},