{"type": "block", "layer": 1, "block": 65, "features": [{"geom": {"lines": [[3511.4564515948296, 680.4008806543425, 438.73036193847656, 3349.876210708171, 721.4548496250063, 440.59410095214844]]}, "mtl": {"idx": 0}}, {"geom": {"lines": [[5253.094412852079, 451.2720757611096, 450.18910217285156, 5227.0122561603785, 458.16427296213806, 435.00640869140625, 5201.787259545177, 464.81605054810643, 437.08570861816406, 5184.165384152904, 469.6245680572465, 446.5704803466797, 5146.294493384659, 479.94285538978875, 459.7704620361328, 5080.315431192517, 497.13335326034576, 458.85479736328125, 4978.124138643965, 525.4636983741075, 450.4090576171875, 4916.586724134162, 542.2736202180386, 447.3293151855469, 4908.003991395235, 544.537653028965, 445.54856872558594, 4886.452537976205, 550.22779154405, 441.8778533935547, 4791.0851302128285, 575.3926800917834, 451.9075012207031, 4748.082410920411, 585.7912528859451, 452.26222229003906, 4692.92360323295, 599.1351068336517, 459.3324737548828, 4625.441727913916, 618.1090652514249, 455.4381866455078, 4594.261138541624, 625.9430997865275, 451.48146057128906, 4582.695043448359, 629.0286296503618, 445.798095703125, 4563.637146625668, 633.2361723762006, 441.7748107910156, 4544.423402514309, 638.385406374, 443.6254119873047, 4533.21352978982, 641.3106536883861, 451.94334411621094, 4404.272163603455, 674.870933836326, 450.511962890625, 4397.3146954309195, 676.674176924862, 448.3605194091797, 4357.061567561701, 687.3934640409425, 452.95404052734375, 4309.105130925775, 700.156447862275, 460.29725646972656, 4253.467649426311, 714.983174726367, 457.1001434326172, 4174.430810963735, 736.0211471552029, 446.4759063720703, 4152.712378311902, 741.8116087419912, 438.87071228027344, 4125.594950353727, 748.7641756562516, 446.95404052734375, 4041.9272210728377, 770.2230026237667, 449.73252868652344, 3979.6328340247273, 786.933279200457, 441.00498962402344, 3898.1469667647034, 808.7729041855782, 436.19801330566406, 3833.26996752806, 826.1645032307133, 438.0696716308594, 3764.6303695067763, 844.2774547534063, 437.18463134765625, 3750.158835703507, 848.1044223289937, 436.3795166015625, 3737.9136917162687, 851.3302970053628, 437.2283477783203, 3670.120121823624, 869.2429425492883, 434.84596252441406, 3581.3428279161453, 892.665693175979, 426.6059875488281, 3448.716786585748, 927.6897514071316, 441.21730041503906, 3367.6316694915295, 949.0889686606824, 437.62921142578125, 3354.685212712735, 952.5152533706278, 431.6747131347656]]}, "mtl": {"idx": 0}}, {"geom": {"lines": [[3387.3686152081937, -101.74646069202572, 462.04632568359375, 3435.6256144680083, -77.58541420008987, 460.67124938964844]]}, "mtl": {"idx": 0}}, {"geom": {"lines": [[3439.588588340208, -108.97873261198401, 458.690185546875, 3448.6277309916914, -81.43195405881852, 463.63426208496094, 3484.817697448656, -45.67107943352312, 462.5547637939453]]}, "mtl": {"idx": 0}}, {"geom": {"lines": [[3484.817697448656, -45.67107943352312, 462.5547637939453, 3513.0705842114985, -51.30067355372012, 460.9427947998047]]}, "mtl": {"idx": 0}}, {"geom": {"lines": [[3542.9376035928726, 55.20152964722365, 447.05616760253906, 3535.568253301084, 15.593596284277737, 467.6927947998047, 3521.7201086468995, -26.21789499744773, 465.0333709716797, 3513.0705842114985, -51.30067355372012, 460.9427947998047, 3497.697362534702, -95.89652938395739, 466.44309997558594, 3490.6174429189414, -116.7719487408176, 472.55873107910156, 3526.306471668184, -129.15292877703905, 473.0981140136719, 3528.3770141955465, -139.00961704272777, 477.64109802246094]]}, "mtl": {"idx": 0}}, {"geom": {"lines": [[3551.5203363336623, -112.64495095331222, 472.4417724609375, 3531.215661212802, -158.62278630957007, 486.2501678466797, 3504.6103029102087, -206.62375308200717, 442.91107177734375]]}, "mtl": {"idx": 0}}, {"geom": {"lines": [[3742.689297871664, 350.51446961518377, 448.10316467285156, 3690.936866601929, 363.5373508008197, 444.92454528808594, 3629.6888827662915, 378.9845200711861, 438.9998016357422, 3505.779157564044, 412.4835465531796, 444.90765380859375]]}, "mtl": {"idx": 0}}, {"geom": {"lines": [[3511.4564515948296, 680.4008806543425, 438.73036193847656, 3554.3923791963607, 670.1424317453057, 439.1205596923828, 3572.6487756855786, 665.5942566404119, 436.12632751464844, 3552.388628359884, 582.9461699109524, 440.652099609375]]}, "mtl": {"idx": 0}}, {"geom": {"lines": [[3528.3770141955465, -139.00961704272777, 477.64109802246094, 3531.215661212802, -158.62278630957007, 486.2501678466797]]}, "mtl": {"idx": 0}}, {"geom": {"lines": [[3634.5090167187154, 509.7758069280535, 445.19847106933594, 3553.468427421525, 530.1119686681777, 445.44126892089844, 3542.92647164315, 490.4615120999515, 444.6013641357422, 3544.6853195969015, 482.6877225106582, 442.90956115722656, 3553.6688025034964, 476.0158939138055, 441.25511169433594, 3648.679987896234, 451.15186307486147, 435.0097961425781]]}, "mtl": {"idx": 0}}, {"geom": {"lines": [[3542.9376035928726, 55.20152964722365, 447.05616760253906, 3547.624154156074, 72.93200613744557, 445.4135284423828, 3571.079170865938, 157.07719905953854, 452.75244140625, 3597.083403913304, 248.8165455861017, 445.0162353515625, 3608.7162907011807, 293.3342652497813, 440.1624755859375, 3614.694147357717, 317.81711767427623, 438.2987823486328, 3620.137670457363, 340.0160399544984, 435.62493896484375, 3629.6888827662915, 378.9845200711861, 438.9998016357422, 3648.679987896234, 451.15186307486147, 435.0097961425781, 3671.700858592987, 541.1916932668537, 435.59230041503906]]}, "mtl": {"idx": 0}}, {"geom": {"lines": [[3543.293825963512, -109.35937831457704, 469.08604431152344, 3586.7306912709028, -85.05811747256666, 484.2864990234375]]}, "mtl": {"idx": 0}}, {"geom": {"lines": [[3572.6487756855786, 665.5942566404119, 436.12632751464844, 3597.695661114529, 664.0915562063456, 435.7866668701172]]}, "mtl": {"idx": 0}}, {"geom": {"lines": [[3816.18242569454, -72.11611201893538, 472.67724609375, 3830.6650914456695, -84.11651719082147, 477.0944366455078, 3863.7269802112132, -83.73587023839355, 447.0333709716797, 3872.8440465070307, -94.75459021981806, 440.98081970214844, 3852.3278643544763, -110.72168909292668, 462.69049072265625, 3794.564180580899, -102.72812681086361, 487.7120819091797, 3776.318916041404, -101.22557657863945, 485.70497131347656, 3731.1009388789535, -129.71387885510921, 467.7360534667969, 3710.2062704581767, -129.71387885510921, 467.3744201660156, 3696.814535714686, -154.63604809902608, 467.26808166503906]]}, "mtl": {"idx": 0}}, {"geom": {"lines": [[2964.365682143718, -3717.6529320729896, 511.3179931640625, 2899.343967569992, -3723.2598079256713, 465.809326171875, 2865.99264812842, -3724.761648976244, 454.0789031982422]]}, "mtl": {"idx": 0}}, {"geom": {"lines": [[2885.540350710973, -3527.8978179357946, 447.05223083496094, 2885.918836981058, -3533.1844317298383, 448.1847839355469, 2897.4292723312974, -3696.1865695118904, 470.7389373779297, 2899.343967569992, -3723.2598079256713, 465.809326171875]]}, "mtl": {"idx": 0}}, {"geom": {"lines": [[2897.4292723312974, -3696.1865695118904, 470.7389373779297, 2970.2322193086147, -3691.1003143563867, 511.48223876953125, 3055.313706120476, -3685.15299598407, 505.4268493652344, 3103.849004106596, -3681.768829599954, 481.91212463378906, 3098.416612956673, -3622.0350435283035, 481.9639892578125, 3041.042547401041, -3626.060029981658, 509.78887939453125, 2952.076010359451, -3632.2877411749214, 507.2801513671875, 2941.2112280596048, -3528.6587701467797, 495.1271667480469, 2885.918836981058, -3533.1844317298383, 448.1847839355469]]}, "mtl": {"idx": 0}}, {"geom": {"lines": [[2899.343967569992, -3723.2598079256713, 465.809326171875, 2915.1068074665964, -3945.8494693385437, 461.7012176513672]]}, "mtl": {"idx": 0}}, {"geom": {"lines": [[2945.5192923508584, -3523.5724039385095, 496.4582977294922, 3034.174134818837, -3520.3683920018375, 506.61936950683594]]},