{"type": "block", "layer": 1, "block": 75, "features": [{"geom": {"lines": [[4244.116812201217, 1540.9572707172483, 449.0303649902344, 4140.133275851607, 1511.8416843786836, 432.28033447265625, 4156.129886677489, 1564.1616505952552, 444.5677185058594]]}, "mtl": {"idx": 0}}, {"geom": {"lines": [[4183.091467348859, 1411.0901848077774, 432.5270690917969, 4191.740991782397, 1415.3382324511185, 431.29774475097656, 4223.990248264745, 1406.9623671825975, 439.28956604003906, 4238.984983675182, 1411.6913234824315, 445.6703796386719, 4254.04651078023, 1409.4270347207785, 453.86842346191406]]}, "mtl": {"idx": 0}}, {"geom": {"lines": [[4071.115191558376, 1466.695711570792, 434.60948181152344, 4084.1618358790874, 1527.190974897705, 435.58946228027344]]}, "mtl": {"idx": 0}}, {"geom": {"lines": [[4724.304567687213, 1365.8846914544702, 473.1485595703125, 4692.40040162392, 1241.5509208533913, 455.87095642089844, 4691.643429087475, 1238.6855571493506, 455.08424377441406, 4684.385398289189, 1211.334412029013, 449.10923767089844, 4659.115873876959, 1116.057008722797, 442.0240173339844, 4650.867099611089, 1084.9393245363608, 457.71038818359375, 4649.085987757891, 1078.2469350295141, 461.6726531982422, 4617.42672457546, 958.8669080249965, 465.6559753417969, 4594.250006591901, 871.4870353201404, 457.24827575683594, 4570.884045476094, 783.3868505535647, 461.7436065673828, 4536.931600784883, 655.335827531293, 453.3542175292969, 4533.21352978982, 641.3106536883861, 451.94334411621094, 4530.007528455928, 629.2289887769148, 451.60496520996094, 4519.187273951247, 588.4359788522124, 461.9623260498047, 4481.1160080991685, 444.86073509044945, 459.8493347167969, 4445.8499934170395, 311.90676562301815, 444.11627197265625, 4406.543081218377, 163.68864618428051, 449.23548889160156, 4397.158848142251, 128.28741846513003, 450.76263427734375, 4392.917575543746, 112.29982078913599, 452.2169494628906, 4388.286684727296, 94.84973654150963, 453.1974334716797, 4358.197026364505, -18.584860645234585, 451.05926513671875, 4329.587917232886, -126.48841534275562, 437.02532958984375, 4328.474722323939, -130.69554139394313, 437.1122131347656, 4325.8141864947975, -132.3583572441712, 437.77569580078125, 4317.053342567757, -137.84765038546175, 439.7410125732422, 4315.249966816977, -151.23029019590467, 438.7939910888672, 4312.700750477612, -159.96505448874086, 438.4442596435547, 4351.918607085943, -170.06210907362401, 429.97947692871094, 4384.490690089762, -178.45627727080137, 429.7166290283203, 4387.307073209435, -170.38265027012676, 430.3080139160156, 4391.837776483968, -151.7712047882378, 431.91119384765625]]}, "mtl": {"idx": 0}}, {"geom": {"lines": [[4054.595379125327, 821.5160535415635, 444.79833984375, 4097.063764862716, 809.5142503436655, 451.66932678222656]]}, "mtl": {"idx": 0}}, {"geom": {"lines": [[4448.766564074904, 1356.1463088802993, 448.36793518066406, 4452.273128034547, 1372.156536983326, 445.4638366699219, 4460.956048317254, 1370.4132439410314, 447.0266418457031, 4464.406952532008, 1384.3395614838228, 444.4709930419922, 4477.698499733582, 1437.9611295731738, 440.5027770996094, 4486.136517135426, 1471.985771871172, 446.5719451904297]]}, "mtl": {"idx": 0}}, {"geom": {"lines": [[4448.766564074904, 1356.1463088802993, 448.36793518066406, 4434.9852111153305, 1306.432659626007, 442.1368103027344]]}, "mtl": {"idx": 0}}, {"geom": {"lines": [[4332.9831617008895, 1333.343313277699, 435.3028106689453, 4434.9852111153305, 1306.432659626007, 442.1368103027344, 4549.12108502537, 1276.3160832347348, 456.8881530761719, 4674.066081490368, 1243.3342596441507, 461.1141815185547, 4691.643429087475, 1238.6855571493506, 455.08424377441406]]}, "mtl": {"idx": 0}}, {"geom": {"lines": [[4029.615285390988, 947.7465066472068, 437.4668884277344, 4032.0977100357413, 997.3977207383141, 438.2669219970703, 4032.7990228272974, 1011.5638040238991, 437.761962890625]]}, "mtl": {"idx": 0}}, {"geom": {"lines": [[4049.329967211932, 942.7773955669254, 442.5678405761719, 4040.3576162513345, 893.5072304578498, 431.07659912109375]]}, "mtl": {"idx": 0}}, {"geom": {"lines": [[4129.123778210953, 763.8514679046348, 445.9102020263672, 4125.594950353727, 748.7641756562516, 446.95404052734375, 4122.889886725694, 737.2233187509701, 448.0063018798828]]}, "mtl": {"idx": 0}}, {"geom": {"lines": [[4171.33612911962, 724.3600924536586, 446.9157257080078, 4116.299772871658, 516.0068812984973, 443.6113586425781]]}, "mtl": {"idx": 0}}, {"geom": {"lines": [[4044.1981386840343, 438.54957684967667, 452.71339416503906, 4071.0817957110703, 432.19835300464183, 448.08815002441406, 4092.867020059377, 427.1694697160274, 447.8262634277344]]}, "mtl": {"idx": 0}}, {"geom": {"lines": [[4285.215968200937, 1353.3410157822073, 451.2751922607422, 4309.995686851442, 1347.9107727734372, 440.4561309814453, 4335.376530753449, 1342.3402691753581, 438.14039611816406]]}, "mtl": {"idx": 0}}, {"geom": {"lines": [[4332.9831617008895, 1333.343313277699, 435.3028106689453, 4329.587917232886, 1320.539200474508, 432.7554473876953, 4325.235325140879, 1304.1483642570674, 432.4804229736328, 4299.264487940818, 1206.3050179369748, 445.2241973876953, 4295.991694910452, 1193.9820144763216, 447.14337158203125, 4291.828345954418, 1178.2927557919174, 448.3666076660156]]}, "mtl": {"idx": 0}}, {"geom": {"lines": [[4041.9272210728377, 770.2230026237667, 449.73252868652344, 4039.2444213442504, 759.4034184990451, 450.7012939453125, 4029.7822646275163, 721.3546688547358, 453.50596618652344]]}, "mtl": {"idx": 0}}, {"geom": {"lines": [[4808.617950012907, 1268.0405576694757, 448.60162353515625, 4835.4125514458865, 1261.4682337995619, 452.7840270996094]]}, "mtl": {"idx": 0}}, {"geom": {"lines": [[4835.4125514458865, 1261.4682337995619, 452.7840270996094, 4867.828787166625, 1286.7957567479461, 453.1637420654297, 4894.322825975716, 1305.5510016838089, 453.44764709472656, 4933.017480975017, 1332.9625960001722, 460.4995422363281]]}, "mtl": {"idx": 0}}, {"geom": {"lines": [[4894.322825975716, 1305.5510016838089, 453.44764709472656, 4901.502933131531, 1335.8279949231073, 455.4151153564453]]}, "mtl": {"idx": 0}}, {"geom": {"lines": [[4934.052752237767, -231.82614377141, 436.16184997558594, 5025.635297315195, -207.52527086809278, 435.2959899902344]]}, "mtl": {"idx": 0}}, {"geom": {"lines": [[4647.137896668166, -3846.429822084494, 472.15447998046875, 4578.353583307937, -3852.7174270553514, 460.36573791503906, 4579.489042112604, -3868.736779497005, 461.8959503173828, 4586.079155968502, -3962.1489623133093, 493.5011901855469, 4506.285344969481, -4039.4809743696824, 514.4057464599609, 4384.012016279623, -4047.570554630831, 480.4801025390625, 4368.816905787215, -4062.448151508346, 480.24549865722656, 4202.628037981689, -4074.2621042588726, 496.0688781738281, 4198.097334707156, -4008.183829815127, 470.9278106689453, 4190.126859165728, -3904.019285302609, 459.0, 4141.95891549997, -3908.304436706938, 459.3303680419922]]}, "mtl": {"idx": 0}}, {"geom": {"lines": [[4190.126859165728, -3904.019285302609, 459.0, 4221.852914040908, -3869.7179637486115, 459.394775390625, 4211.834159869701, -3742.3632041765377, 463.4940490722656, 4324.600804043934, -3568.488505466841, 471.2278747558594, 4444.280388597399, -3558.716322076507, 456.78602600097656]]}, "mtl": {"idx": 0}}, {"geom": {"lines": [[4234.5989957377315, -4363.257761568762, 474.71653747558594, 4254.4249970484525, -4340.011163623072, 479.2925720214844, 4278.937548920512, -4333.804049761966, 483.595458984375, 4308.927019741386, -4333.423613588326, 474.30381774902344, 4322.463469820097, -4359.413367799483, 484.1492156982422, 4323.676852270961, -4368.423662656918, 488.9764709472656, 4325.0238181091845, -4378.435088976286, 494.3852233886719, 4337.825559550896, -4403.663825368509, 491.39556884765625, 4353.187649279833, -4400.740499845706, 479.6300354003906, 4358.319477805868, -4413.535046477802, 474.9568634033203]]},